no,id,title,type,platform,friend_id,country,region,sent_date,received_date,tags,url,friend_url
,US-6350458,,MATCH,POSTCROSSING,JFV,U.S.A.,,2/Nov/2019,17/Nov/2019,,https://www.postcrossing.com/postcards/US-6350458,https://www.postcrossing.com/user/JFV
,CZ-1631055,,MATCH,POSTCROSSING,JulsCZ,Czechia,,2/Nov/2019,20/Nov/2019,,https://www.postcrossing.com/postcards/CZ-1631055,https://www.postcrossing.com/user/JulsCZ
,US-6378655,,MATCH,POSTCROSSING,LulamaeA,U.S.A.,,17/Nov/2019,2/Dec/2019,,https://www.postcrossing.com/postcards/US-6378655,https://www.postcrossing.com/user/LulamaeA
,TW-2888347,,MATCH,POSTCROSSING,Ssuyu_Chen,China,台湾,20/Nov/2019,2/Dec/2019,,https://www.postcrossing.com/postcards/TW-2888347,https://www.postcrossing.com/user/Ssuyu_Chen
,DE-8727180,,MATCH,POSTCROSSING,Schokomaus,Germany,,20/Nov/2019,4/Dec/2019,,https://www.postcrossing.com/postcards/DE-8727180,https://www.postcrossing.com/user/Schokomaus
,AT-465115,,MATCH,POSTCROSSING,Resal,Austria,,19/Nov/2019,24/Dec/2019,,https://www.postcrossing.com/postcards/AT-465115,https://www.postcrossing.com/user/Resal
,JP-1345109,,MATCH,POSTCROSSING,VioletXu,Japan,,17/Dec/2019,28/Dec/2019,,https://www.postcrossing.com/postcards/JP-1345109,https://www.postcrossing.com/user/VioletXu
,AU-697978,,MATCH,POSTCROSSING,karenk,Australia,,17/Dec/2019,31/Dec/2019,,https://www.postcrossing.com/postcards/AU-697978,https://www.postcrossing.com/user/karenk
,DE-8814973,,MATCH,POSTCROSSING,flamingo186,Germany,,16/Dec/2019,7/Jan/2020,,https://www.postcrossing.com/postcards/DE-8814973,https://www.postcrossing.com/user/flamingo186
,NL-4539268,,MATCH,POSTCROSSING,kaartjesvanchris,Netherlands,,17/Dec/2019,12/Jan/2020,,https://www.postcrossing.com/postcards/NL-4539268,https://www.postcrossing.com/user/kaartjesvanchris
,JP-1353205,,MATCH,POSTCROSSING,Narumi99,Japan,,9/Jan/2020,21/Jan/2020,,https://www.postcrossing.com/postcards/JP-1353205,https://www.postcrossing.com/user/Narumi99
,CA-966797,,MATCH,POSTCROSSING,DanaSyny,Canada,,17/Dec/2019,21/Jan/2020,,https://www.postcrossing.com/postcards/CA-966797,https://www.postcrossing.com/user/DanaSyny
,GB-1199724,,MATCH,POSTCROSSING,khaemwaset,U.K.,,9/Jan/2020,23/Jan/2020,,https://www.postcrossing.com/postcards/GB-1199724,https://www.postcrossing.com/user/khaemwaset
,FI-3640189,,MATCH,POSTCROSSING,peppupate,Finland,,10/Jan/2020,14/Feb/2020,,https://www.postcrossing.com/postcards/FI-3640189,https://www.postcrossing.com/user/peppupate
,US-6470207,,MATCH,POSTCROSSING,UVaAHJ,U.S.A.,,9/Jan/2020,16/Feb/2020,,https://www.postcrossing.com/postcards/US-6470207,https://www.postcrossing.com/user/UVaAHJ
,RU-7768353,,MATCH,POSTCROSSING,seamrog,Russia,,23/Jan/2020,16/Feb/2020,,https://www.postcrossing.com/postcards/RU-7768353,https://www.postcrossing.com/user/seamrog
,DE-8881661,,MATCH,POSTCROSSING,Lepi,Germany,,8/Jan/2020,16/Feb/2020,,https://www.postcrossing.com/postcards/DE-8881661,https://www.postcrossing.com/user/Lepi
,ES-599293,,MATCH,POSTCROSSING,joseazel,Spain,,9/Jan/2020,16/Feb/2020,,https://www.postcrossing.com/postcards/ES-599293,https://www.postcrossing.com/user/joseazel
,EE-268992,,MATCH,POSTCROSSING,Burialsheer,Estonia,,9/Jan/2020,18/Feb/2020,,https://www.postcrossing.com/postcards/EE-268992,https://www.postcrossing.com/user/Burialsheer
,DE-8884027,,MATCH,POSTCROSSING,xururuka,Germany,,9/Jan/2020,18/Feb/2020,,https://www.postcrossing.com/postcards/DE-8884027,https://www.postcrossing.com/user/xururuka
,MY-523835,,MATCH,POSTCROSSING,newrule,Malaysia,,10/Jan/2020,18/Feb/2020,,https://www.postcrossing.com/postcards/MY-523835,https://www.postcrossing.com/user/newrule
,ES-601084,,MATCH,POSTCROSSING,catajanek,Spain,,21/Jan/2020,24/Feb/2020,,https://www.postcrossing.com/postcards/ES-601084,https://www.postcrossing.com/user/catajanek
,NL-4554749,,MATCH,POSTCROSSING,DignaHeemstra,Netherlands,,12/Jan/2020,25/Feb/2020,,https://www.postcrossing.com/postcards/NL-4554749,https://www.postcrossing.com/user/DignaHeemstra
,NL-4566257,,MATCH,POSTCROSSING,thegirls,Netherlands,,28/Jan/2020,26/Feb/2020,,https://www.postcrossing.com/postcards/NL-4566257,https://www.postcrossing.com/user/thegirls
,HU-176484,,MATCH,POSTCROSSING,13wolves,Hungary,,28/Jan/2020,1/Mar/2020,,https://www.postcrossing.com/postcards/HU-176484,https://www.postcrossing.com/user/13wolves
,NL-4615967,,MATCH,POSTCROSSING,EstherXS,Netherlands,,4/Apr/2020,19/Apr/2020,,https://www.postcrossing.com/postcards/NL-4615967,https://www.postcrossing.com/user/EstherXS
,DE-9142923,,MATCH,POSTCROSSING,Weck-Family,Germany,,5/Apr/2020,21/Apr/2020,,https://www.postcrossing.com/postcards/DE-9142923,https://www.postcrossing.com/user/Weck-Family
,DE-9145253,,MATCH,POSTCROSSING,Kacuepe,Germany,,5/Apr/2020,21/Apr/2020,,https://www.postcrossing.com/postcards/DE-9145253,https://www.postcrossing.com/user/Kacuepe
,NO-196575,,MATCH,POSTCROSSING,tantejul,Norway,,4/Apr/2020,21/Apr/2020,,https://www.postcrossing.com/postcards/NO-196575,https://www.postcrossing.com/user/tantejul
,DE-9139837,,MATCH,POSTCROSSING,omahanni,Germany,,3/Apr/2020,22/Apr/2020,,https://www.postcrossing.com/postcards/DE-9139837,https://www.postcrossing.com/user/omahanni
,RU-7890590,,MATCH,POSTCROSSING,InnaIvanovna,Russia,,5/Apr/2020,26/Apr/2020,,https://www.postcrossing.com/postcards/RU-7890590,https://www.postcrossing.com/user/InnaIvanovna
,US-6639210,,MATCH,POSTCROSSING,petrini1,U.S.A.,,5/Apr/2020,28/Apr/2020,,https://www.postcrossing.com/postcards/US-6639210,https://www.postcrossing.com/user/petrini1
,US-6637642,,MATCH,POSTCROSSING,Trikki,U.S.A.,,4/Apr/2020,3/May/2020,,https://www.postcrossing.com/postcards/US-6637642,https://www.postcrossing.com/user/Trikki
,US-6638565,,MATCH,POSTCROSSING,Heepy,U.S.A.,,5/Apr/2020,6/May/2020,,https://www.postcrossing.com/postcards/US-6638565,https://www.postcrossing.com/user/Heepy
,GB-1230954,,MATCH,POSTCROSSING,delicards,U.K.,,4/Apr/2020,12/May/2020,,https://www.postcrossing.com/postcards/GB-1230954,https://www.postcrossing.com/user/delicards
,PR-11946,,MATCH,POSTCROSSING,sumares,Puerto Rico,,5/Apr/2020,20/May/2020,,https://www.postcrossing.com/postcards/PR-11946,https://www.postcrossing.com/user/sumares
,DE-9175490,,MATCH,POSTCROSSING,Kemari,Germany,,17/Apr/2020,24/May/2020,,https://www.postcrossing.com/postcards/DE-9175490,https://www.postcrossing.com/user/Kemari
,CA-994685,,MATCH,POSTCROSSING,RayCMoon,Canada,,4/Apr/2020,16/Jun/2020,,https://www.postcrossing.com/postcards/CA-994685,https://www.postcrossing.com/user/RayCMoon
,AU-713604,,MATCH,POSTCROSSING,deb0rahanne,Australia,,5/Apr/2020,20/Jun/2020,,https://www.postcrossing.com/postcards/AU-713604,https://www.postcrossing.com/user/deb0rahanne
,GB-1231150,,MATCH,POSTCROSSING,fijalko1,U.K.,,5/Apr/2020,3/Jul/2020,,https://www.postcrossing.com/postcards/GB-1231150,https://www.postcrossing.com/user/fijalko1
,DE-9433535,,MATCH,POSTCROSSING,hildeklaus,Germany,,15/Jul/2020,1/Aug/2020,,https://www.postcrossing.com/postcards/DE-9433535,https://www.postcrossing.com/user/hildeklaus
,DE-9437653,,MATCH,POSTCROSSING,EllyRudi,Germany,,16/Jul/2020,1/Aug/2020,,https://www.postcrossing.com/postcards/DE-9437653,https://www.postcrossing.com/user/EllyRudi
,IT-558226,,MATCH,POSTCROSSING,felicya,Italy,,14/Jul/2020,1/Aug/2020,,https://www.postcrossing.com/postcards/IT-558226,https://www.postcrossing.com/user/felicya
,DE-9429362,,MATCH,POSTCROSSING,uttia4a,Germany,,14/Jul/2020,1/Aug/2020,,https://www.postcrossing.com/postcards/DE-9429362,https://www.postcrossing.com/user/uttia4a
,DE-9433518,,MATCH,POSTCROSSING,Barbaella,Germany,,15/Jul/2020,1/Aug/2020,,https://www.postcrossing.com/postcards/DE-9433518,https://www.postcrossing.com/user/Barbaella
,CZ-1710394,,MATCH,POSTCROSSING,Jarmila_,Czechia,,13/Jul/2020,1/Aug/2020,,https://www.postcrossing.com/postcards/CZ-1710394,https://www.postcrossing.com/user/Jarmila_
,FR-1300915,,MATCH,POSTCROSSING,boudinette,France,,15/Jul/2020,1/Aug/2020,,https://www.postcrossing.com/postcards/FR-1300915,https://www.postcrossing.com/user/boudinette
,RU-7776243,,MATCH,POSTCROSSING,Roman-Polushka,Russia,,27/Jan/2020,2/Aug/2020,,https://www.postcrossing.com/postcards/RU-7776243,https://www.postcrossing.com/user/Roman-Polushka
,JP-1411383,,MATCH,POSTCROSSING,kazy,Japan,,15/Jul/2020,2/Aug/2020,,https://www.postcrossing.com/postcards/JP-1411383,https://www.postcrossing.com/user/kazy
,TW-3009885,,MATCH,POSTCROSSING,shinhui,China,台湾,15/Jul/2020,3/Aug/2020,,https://www.postcrossing.com/postcards/TW-3009885,https://www.postcrossing.com/user/shinhui
,AU-724312,,MATCH,POSTCROSSING,Tstanley,Australia,,15/Jul/2020,15/Aug/2020,,https://www.postcrossing.com/postcards/AU-724312,https://www.postcrossing.com/user/Tstanley
,NL-4706786,,MATCH,POSTCROSSING,Free-to-be-Me,Netherlands,,27/Jul/2020,17/Aug/2020,,https://www.postcrossing.com/postcards/NL-4706786,https://www.postcrossing.com/user/Free-to-be-Me
,FI-3755955,,MATCH,POSTCROSSING,akkipakki,Finland,,18/Jul/2020,17/Aug/2020,,https://www.postcrossing.com/postcards/FI-3755955,https://www.postcrossing.com/user/akkipakki
,DE-9461526,,MATCH,POSTCROSSING,Hannelore2,Germany,,25/Jul/2020,17/Aug/2020,,https://www.postcrossing.com/postcards/DE-9461526,https://www.postcrossing.com/user/Hannelore2
,US-6828622,,MATCH,POSTCROSSING,zjjxzzh,U.S.A.,,15/Jul/2020,17/Aug/2020,,https://www.postcrossing.com/postcards/US-6828622,https://www.postcrossing.com/user/zjjxzzh
,US-6828623,,MATCH,POSTCROSSING,snakedoctor,U.S.A.,,15/Jul/2020,17/Aug/2020,,https://www.postcrossing.com/postcards/US-6828623,https://www.postcrossing.com/user/snakedoctor
,RO-172107,,MATCH,POSTCROSSING,Anca,Romania,,19/Jul/2020,17/Aug/2020,,https://www.postcrossing.com/postcards/RO-172107,https://www.postcrossing.com/user/Anca
,RU-7979140,,MATCH,POSTCROSSING,aveasti,Russia,,14/Jul/2020,19/Aug/2020,,https://www.postcrossing.com/postcards/RU-7979140,https://www.postcrossing.com/user/aveasti
,US-6826214,,MATCH,POSTCROSSING,jzanne,U.S.A.,,14/Jul/2020,22/Aug/2020,,https://www.postcrossing.com/postcards/US-6826214,https://www.postcrossing.com/user/jzanne
,GB-1267108,,MATCH,POSTCROSSING,p_aaaa,U.K.,,23/Jul/2020,22/Aug/2020,,https://www.postcrossing.com/postcards/GB-1267108,https://www.postcrossing.com/user/p_aaaa
,ES-619917,,MATCH,POSTCROSSING,Comadivine,Spain,,27/Jul/2020,26/Aug/2020,,https://www.postcrossing.com/postcards/ES-619917,https://www.postcrossing.com/user/Comadivine
,RU-7986263,,MATCH,POSTCROSSING,Ksenia1410,Russia,,20/Jul/2020,30/Aug/2020,,https://www.postcrossing.com/postcards/RU-7986263,https://www.postcrossing.com/user/Ksenia1410
,CA-1017667,,MATCH,POSTCROSSING,canadaposter,Canada,,14/Jul/2020,9/Sep/2020,,https://www.postcrossing.com/postcards/CA-1017667,https://www.postcrossing.com/user/canadaposter
,PL-1694727,,MATCH,POSTCROSSING,fantulipan100,Poland,,15/Jul/2020,12/Oct/2020,,https://www.postcrossing.com/postcards/PL-1694727,https://www.postcrossing.com/user/fantulipan100
,HK-713841,,MATCH,POSTCROSSING,angelalaam,China,香港,12/Nov/2020,29/Nov/2020,,https://www.postcrossing.com/postcards/HK-713841,https://www.postcrossing.com/user/angelalaam
,GB-1312255,,MATCH,POSTCROSSING,simplydreams,U.K.,,12/Nov/2020,29/Nov/2020,,https://www.postcrossing.com/postcards/GB-1312255,https://www.postcrossing.com/user/simplydreams
,LU-70975,,MATCH,POSTCROSSING,sandralux,Luxembourg,,11/Nov/2020,29/Nov/2020,,https://www.postcrossing.com/postcards/LU-70975,https://www.postcrossing.com/user/sandralux
,FI-3827309,,MATCH,POSTCROSSING,jarnopetteri,Finland,,11/Nov/2020,29/Nov/2020,,https://www.postcrossing.com/postcards/FI-3827309,https://www.postcrossing.com/user/jarnopetteri
,FR-1339193,,MATCH,POSTCROSSING,yabiz,France,,12/Nov/2020,2/Dec/2020,,https://www.postcrossing.com/postcards/FR-1339193,https://www.postcrossing.com/user/yabiz
,DE-9811525,,MATCH,POSTCROSSING,Katrima,Germany,,15/Nov/2020,2/Dec/2020,,https://www.postcrossing.com/postcards/DE-9811525,https://www.postcrossing.com/user/Katrima
,TW-3072904,,MATCH,POSTCROSSING,ethan1740,China,台湾,12/Nov/2020,5/Dec/2020,,https://www.postcrossing.com/postcards/TW-3072904,https://www.postcrossing.com/user/ethan1740
,TW-3075240,,MATCH,POSTCROSSING,Wenlivia,China,台湾,16/Nov/2020,5/Dec/2020,,https://www.postcrossing.com/postcards/TW-3075240,https://www.postcrossing.com/user/Wenlivia
,RU-8165203,,MATCH,POSTCROSSING,Drimpimpim,Russia,,12/Nov/2020,8/Dec/2020,,https://www.postcrossing.com/postcards/RU-8165203,https://www.postcrossing.com/user/Drimpimpim
,US-7131276,,MATCH,POSTCROSSING,kyvintage,U.S.A.,,11/Nov/2020,8/Dec/2020,,https://www.postcrossing.com/postcards/US-7131276,https://www.postcrossing.com/user/kyvintage
,RU-8164662,,MATCH,POSTCROSSING,East_1984,Russia,,11/Nov/2020,8/Dec/2020,,https://www.postcrossing.com/postcards/RU-8164662,https://www.postcrossing.com/user/East_1984
,DE-9798918,,MATCH,POSTCROSSING,Jobisch,Germany,,11/Nov/2020,8/Dec/2020,,https://www.postcrossing.com/postcards/DE-9798918,https://www.postcrossing.com/user/Jobisch
,DE-9799783,,MATCH,POSTCROSSING,Elfenspiegel,Germany,,12/Nov/2020,8/Dec/2020,,https://www.postcrossing.com/postcards/DE-9799783,https://www.postcrossing.com/user/Elfenspiegel
,IN-405965,,MATCH,POSTCROSSING,jithen,India,,10/Nov/2020,14/Dec/2020,,https://www.postcrossing.com/postcards/IN-405965,https://www.postcrossing.com/user/jithen
,RU-8166327,,MATCH,POSTCROSSING,prosport69,Russia,,12/Nov/2020,16/Dec/2020,,https://www.postcrossing.com/postcards/RU-8166327,https://www.postcrossing.com/user/prosport69
,DE-9804900,,MATCH,POSTCROSSING,PeGe,Germany,,13/Nov/2020,22/Dec/2020,,https://www.postcrossing.com/postcards/DE-9804900,https://www.postcrossing.com/user/PeGe
,DE-9795629,,MATCH,POSTCROSSING,Madiddlina,Germany,,11/Nov/2020,22/Dec/2020,,https://www.postcrossing.com/postcards/DE-9795629,https://www.postcrossing.com/user/Madiddlina
,DE-9869343,,MATCH,POSTCROSSING,Sakurablossom,Germany,,1/Dec/2020,22/Dec/2020,,https://www.postcrossing.com/postcards/DE-9869343,https://www.postcrossing.com/user/Sakurablossom
,US-7164709,,MATCH,POSTCROSSING,clairemeix,U.S.A.,,25/Nov/2020,28/Dec/2020,,https://www.postcrossing.com/postcards/US-7164709,https://www.postcrossing.com/user/clairemeix
,BY-2690325,,MATCH,POSTCROSSING,vgik4475,Belarus,,12/Nov/2020,4/Jan/2021,,https://www.postcrossing.com/postcards/BY-2690325,https://www.postcrossing.com/user/vgik4475
,PT-689712,,MATCH,POSTCROSSING,AndreiaF,Portugal,,11/Nov/2020,27/Jan/2021,,https://www.postcrossing.com/postcards/PT-689712,https://www.postcrossing.com/user/AndreiaF
,NL-4894151,,MATCH,POSTCROSSING,lauramia,Netherlands,,7/Mar/2021,23/Mar/2021,,https://www.postcrossing.com/postcards/NL-4894151,https://www.postcrossing.com/user/lauramia
,JP-1499745,,MATCH,POSTCROSSING,1789moon,Japan,,7/Mar/2021,23/Mar/2021,,https://www.postcrossing.com/postcards/JP-1499745,https://www.postcrossing.com/user/1789moon
,DE-10233722,,MATCH,POSTCROSSING,Sanni87,Germany,,7/Mar/2021,29/Mar/2021,,https://www.postcrossing.com/postcards/DE-10233722,https://www.postcrossing.com/user/Sanni87
,CZ-1786668,,MATCH,POSTCROSSING,olinek,Czechia,,6/Mar/2021,29/Mar/2021,,https://www.postcrossing.com/postcards/CZ-1786668,https://www.postcrossing.com/user/olinek
,US-7394504,,MATCH,POSTCROSSING,e7loveday,U.S.A.,,7/Mar/2021,29/Mar/2021,,https://www.postcrossing.com/postcards/US-7394504,https://www.postcrossing.com/user/e7loveday
,PL-1748123,,MATCH,POSTCROSSING,edi777,Poland,,7/Mar/2021,8/Apr/2021,,https://www.postcrossing.com/postcards/PL-1748123,https://www.postcrossing.com/user/edi777
,RU-8367863,,MATCH,POSTCROSSING,ElenaVasilevna,Russia,,8/Mar/2021,8/Apr/2021,,https://www.postcrossing.com/postcards/RU-8367863,https://www.postcrossing.com/user/ElenaVasilevna
,DE-10228340,,MATCH,POSTCROSSING,Carina15699,Germany,,6/Mar/2021,8/Apr/2021,,https://www.postcrossing.com/postcards/DE-10228340,https://www.postcrossing.com/user/Carina15699
,DE-10231372,,MATCH,POSTCROSSING,reiselustig,Germany,,7/Mar/2021,8/Apr/2021,,https://www.postcrossing.com/postcards/DE-10231372,https://www.postcrossing.com/user/reiselustig
,MX-57686,,MATCH,POSTCROSSING,EmanuelZurdob,Mexico,,11/Nov/2020,8/Apr/2021,,https://www.postcrossing.com/postcards/MX-57686,https://www.postcrossing.com/user/EmanuelZurdob
,FR-1378577,,MATCH,POSTCROSSING,_Emmanuelle_,France,,7/Mar/2021,8/Apr/2021,,https://www.postcrossing.com/postcards/FR-1378577,https://www.postcrossing.com/user/_Emmanuelle_
,US-7425887,,MATCH,POSTCROSSING,saramthomps,U.S.A.,,20/Mar/2021,9/Apr/2021,,https://www.postcrossing.com/postcards/US-7425887,https://www.postcrossing.com/user/saramthomps
,US-7391071,,MATCH,POSTCROSSING,SarahJayn,U.S.A.,,6/Mar/2021,9/Apr/2021,,https://www.postcrossing.com/postcards/US-7391071,https://www.postcrossing.com/user/SarahJayn
,FI-3895763,,MATCH,POSTCROSSING,TanjaR,Finland,,6/Mar/2021,19/Apr/2021,,https://www.postcrossing.com/postcards/FI-3895763,https://www.postcrossing.com/user/TanjaR
,HU-189703,,MATCH,POSTCROSSING,rubikkocka,Hungary,,6/Mar/2021,19/Apr/2021,,https://www.postcrossing.com/postcards/HU-189703,https://www.postcrossing.com/user/rubikkocka
,RU-8390984,,MATCH,POSTCROSSING,Nata_DV,Russia,,20/Mar/2021,19/Apr/2021,,https://www.postcrossing.com/postcards/RU-8390984,https://www.postcrossing.com/user/Nata_DV
,US-7394490,,MATCH,POSTCROSSING,NorthDakotagal57,U.S.A.,,7/Mar/2021,19/Apr/2021,,https://www.postcrossing.com/postcards/US-7394490,https://www.postcrossing.com/user/NorthDakotagal57
,CZ-1791545,,MATCH,POSTCROSSING,Luxie,Czechia,,20/Mar/2021,21/Apr/2021,,https://www.postcrossing.com/postcards/CZ-1791545,https://www.postcrossing.com/user/Luxie
,DE-10240395,,MATCH,POSTCROSSING,Amydiva25,Germany,,9/Mar/2021,2/May/2021,,https://www.postcrossing.com/postcards/DE-10240395,https://www.postcrossing.com/user/Amydiva25
,ID-352813,,MATCH,POSTCROSSING,jesicasil,Indonesia,,12/Mar/2021,25/May/2021,,https://www.postcrossing.com/postcards/ID-352813,https://www.postcrossing.com/user/jesicasil
,DE-10528693,,MATCH,POSTCROSSING,Typewriter-Collector,Germany,,23/May/2021,6/Jun/2021,,https://www.postcrossing.com/postcards/DE-10528693,https://www.postcrossing.com/user/Typewriter-Collector
,DE-10529289,,MATCH,POSTCROSSING,a-card-4-U,Germany,,24/May/2021,6/Jun/2021,,https://www.postcrossing.com/postcards/DE-10529289,https://www.postcrossing.com/user/a-card-4-U
,DE-10531029,,MATCH,POSTCROSSING,azuka,Germany,,24/May/2021,6/Jun/2021,,https://www.postcrossing.com/postcards/DE-10531029,https://www.postcrossing.com/user/azuka
,NL-4960628,,MATCH,POSTCROSSING,KimmyR,Netherlands,,22/May/2021,6/Jun/2021,,https://www.postcrossing.com/postcards/NL-4960628,https://www.postcrossing.com/user/KimmyR
,NL-4961427,,MATCH,POSTCROSSING,utHan,Netherlands,,23/May/2021,6/Jun/2021,,https://www.postcrossing.com/postcards/NL-4961427,https://www.postcrossing.com/user/utHan
,NL-4960894,,MATCH,POSTCROSSING,Forestchapel80,Netherlands,,23/May/2021,7/Jun/2021,,https://www.postcrossing.com/postcards/NL-4960894,https://www.postcrossing.com/user/Forestchapel80
,FI-3949943,,MATCH,POSTCROSSING,Maake,Finland,,24/May/2021,14/Jun/2021,,https://www.postcrossing.com/postcards/FI-3949943,https://www.postcrossing.com/user/Maake
,DE-10523837,,MATCH,POSTCROSSING,Kampfhamster79,Germany,,22/May/2021,14/Jun/2021,,https://www.postcrossing.com/postcards/DE-10523837,https://www.postcrossing.com/user/Kampfhamster79
,FI-3949256,,MATCH,POSTCROSSING,seannis,Finland,,23/May/2021,14/Jun/2021,,https://www.postcrossing.com/postcards/FI-3949256,https://www.postcrossing.com/user/seannis
,DE-10528683,,MATCH,POSTCROSSING,angi24,Germany,,23/May/2021,14/Jun/2021,,https://www.postcrossing.com/postcards/DE-10528683,https://www.postcrossing.com/user/angi24
,GB-1392740,,MATCH,POSTCROSSING,HarryVedge,U.K.,,22/May/2021,18/Jun/2021,,https://www.postcrossing.com/postcards/GB-1392740,https://www.postcrossing.com/user/HarryVedge
,US-7587383,,MATCH,POSTCROSSING,candisk,U.S.A.,,23/May/2021,18/Jun/2021,,https://www.postcrossing.com/postcards/US-7587383,https://www.postcrossing.com/user/candisk
,US-7585662,,MATCH,POSTCROSSING,ezredax,U.S.A.,,22/May/2021,20/Jun/2021,,https://www.postcrossing.com/postcards/US-7585662,https://www.postcrossing.com/user/ezredax
,RU-8500596,,MATCH,POSTCROSSING,SwetkaSwetik,Russia,,23/May/2021,20/Jun/2021,,https://www.postcrossing.com/postcards/RU-8500596,https://www.postcrossing.com/user/SwetkaSwetik
,RU-8500123,,MATCH,POSTCROSSING,osennyaya,Russia,,22/May/2021,26/Jun/2021,,https://www.postcrossing.com/postcards/RU-8500123,https://www.postcrossing.com/user/osennyaya
,BR-556603,,MATCH,POSTCROSSING,joaohenrique,Brazil,,22/May/2021,4/Jul/2021,,https://www.postcrossing.com/postcards/BR-556603,https://www.postcrossing.com/user/joaohenrique
,RU-8500597,,MATCH,POSTCROSSING,Maria_Amber,Russia,,23/May/2021,12/Jul/2021,,https://www.postcrossing.com/postcards/RU-8500597,https://www.postcrossing.com/user/Maria_Amber
,ID-358038,,MATCH,POSTCROSSING,Monaryani,Indonesia,,24/May/2021,20/Jul/2021,,https://www.postcrossing.com/postcards/ID-358038,https://www.postcrossing.com/user/Monaryani
,US-7587351,,MATCH,POSTCROSSING,unclefitch,U.S.A.,,23/May/2021,5/Aug/2021,,https://www.postcrossing.com/postcards/US-7587351,https://www.postcrossing.com/user/unclefitch
,CH-551760,,MATCH,POSTCROSSING,asega,Switzerland,,24/May/2021,11/Aug/2021,,https://www.postcrossing.com/postcards/CH-551760,https://www.postcrossing.com/user/asega
,DE-10764763,,MATCH,POSTCROSSING,Katzengrund,Germany,,4/Aug/2021,21/Aug/2021,,https://www.postcrossing.com/postcards/DE-10764763,https://www.postcrossing.com/user/Katzengrund
,US-7766084,,MATCH,POSTCROSSING,giggleshanks,U.S.A.,,5/Aug/2021,29/Aug/2021,,https://www.postcrossing.com/postcards/US-7766084,https://www.postcrossing.com/user/giggleshanks
,RU-8640196,,MATCH,POSTCROSSING,Chubarova,Russia,,4/Aug/2021,29/Aug/2021,,https://www.postcrossing.com/postcards/RU-8640196,https://www.postcrossing.com/user/Chubarova
,RU-8365244,,MATCH,POSTCROSSING,Helligkeit,Russia,,6/Mar/2021,29/Aug/2021,,https://www.postcrossing.com/postcards/RU-8365244,https://www.postcrossing.com/user/Helligkeit
,TW-3209218,,MATCH,POSTCROSSING,pekoponjin,China,台湾,9/Sep/2021,21/Sep/2021,,https://www.postcrossing.com/postcards/TW-3209218,https://www.postcrossing.com/user/pekoponjin
,SG-360078,,MATCH,POSTCROSSING,xiuxin,Singapore,,9/Sep/2021,4/Oct/2021,,https://www.postcrossing.com/postcards/SG-360078,https://www.postcrossing.com/user/xiuxin
,FR-1434438,,MATCH,POSTCROSSING,DanyduPoitou,France,,8/Sep/2021,5/Oct/2021,,https://www.postcrossing.com/postcards/FR-1434438,https://www.postcrossing.com/user/DanyduPoitou
,DE-10879478,,MATCH,POSTCROSSING,elefant45,Germany,,8/Sep/2021,5/Oct/2021,,https://www.postcrossing.com/postcards/DE-10879478,https://www.postcrossing.com/user/elefant45
,DE-10880392,,MATCH,POSTCROSSING,dackelerna,Germany,,9/Sep/2021,5/Oct/2021,,https://www.postcrossing.com/postcards/DE-10880392,https://www.postcrossing.com/user/dackelerna
,RU-8712288,,MATCH,POSTCROSSING,nota_tusya_00,Russia,,9/Sep/2021,5/Oct/2021,,https://www.postcrossing.com/postcards/RU-8712288,https://www.postcrossing.com/user/nota_tusya_00
,DE-10883778,,MATCH,POSTCROSSING,kleines-m,Germany,,10/Sep/2021,5/Oct/2021,,https://www.postcrossing.com/postcards/DE-10883778,https://www.postcrossing.com/user/kleines-m
,DE-10883392,,MATCH,POSTCROSSING,walterG,Germany,,10/Sep/2021,5/Oct/2021,,https://www.postcrossing.com/postcards/DE-10883392,https://www.postcrossing.com/user/walterG
,US-7852933,,MATCH,POSTCROSSING,Neshoba,U.S.A.,,9/Sep/2021,12/Oct/2021,,https://www.postcrossing.com/postcards/US-7852933,https://www.postcrossing.com/user/Neshoba
,PL-1789769,,MATCH,POSTCROSSING,grinka,Poland,,10/Sep/2021,19/Oct/2021,,https://www.postcrossing.com/postcards/PL-1789769,https://www.postcrossing.com/user/grinka
,US-7866296,,MATCH,POSTCROSSING,dwflore,U.S.A.,,14/Sep/2021,26/Oct/2021,,https://www.postcrossing.com/postcards/US-7866296,https://www.postcrossing.com/user/dwflore
,RU-8713880,,MATCH,POSTCROSSING,sunny_witch,Russia,,10/Sep/2021,26/Oct/2021,,https://www.postcrossing.com/postcards/RU-8713880,https://www.postcrossing.com/user/sunny_witch
,PL-1781524,,MATCH,POSTCROSSING,Doris_miau,Poland,,4/Aug/2021,26/Oct/2021,,https://www.postcrossing.com/postcards/PL-1781524,https://www.postcrossing.com/user/Doris_miau
,US-7853453,,MATCH,POSTCROSSING,ennasor,U.S.A.,,9/Sep/2021,26/Oct/2021,,https://www.postcrossing.com/postcards/US-7853453,https://www.postcrossing.com/user/ennasor
,FI-4020474,,MATCH,POSTCROSSING,PiipeH,Finland,,19/Sep/2021,26/Oct/2021,,https://www.postcrossing.com/postcards/FI-4020474,https://www.postcrossing.com/user/PiipeH
,NL-5045792,,MATCH,POSTCROSSING,Chanti77,Netherlands,,8/Sep/2021,26/Oct/2021,,https://www.postcrossing.com/postcards/NL-5045792,https://www.postcrossing.com/user/Chanti77
,NL-5046441,,MATCH,POSTCROSSING,Pinktulip,Netherlands,,9/Sep/2021,26/Oct/2021,,https://www.postcrossing.com/postcards/NL-5046441,https://www.postcrossing.com/user/Pinktulip
,LT-796135,,MATCH,POSTCROSSING,adasjakutis,Lithuania,,9/Sep/2021,4/Nov/2021,,https://www.postcrossing.com/postcards/LT-796135,https://www.postcrossing.com/user/adasjakutis
,ID-363780,,MATCH,POSTCROSSING,kojep,Indonesia,,5/Aug/2021,17/Nov/2021,,https://www.postcrossing.com/postcards/ID-363780,https://www.postcrossing.com/user/kojep
,KR-270540,,MATCH,POSTCROSSING,Gosanzaro,Korea (South),,5/Oct/2021,29/Nov/2021,,https://www.postcrossing.com/postcards/KR-270540,https://www.postcrossing.com/user/Gosanzaro
,US-7855217,,MATCH,POSTCROSSING,coleandjojo,U.S.A.,,10/Sep/2021,20/Dec/2021,,https://www.postcrossing.com/postcards/US-7855217,https://www.postcrossing.com/user/coleandjojo
,US-7919449,,MATCH,POSTCROSSING,dmack3239,U.S.A.,,4/Oct/2021,5/Jan/2022,,https://www.postcrossing.com/postcards/US-7919449,https://www.postcrossing.com/user/dmack3239
,CNTM27681,南京中山陵,活动,icardyou,轻触梦境,China,江苏,4/10/2020 0:18,4/19/2020 20:27,南京 景点 中山陵,https://icardyou.icu/sendpostcard/postcardDetail/1055467,https://icardyou.icu/userInfo/homePage?userId=21252
,CNSH15286,外滩,活动,icardyou,Major K,China,上海,5/9/2020 19:12,5/12/2020 9:04,上海 景点 上海人民美术出版社,https://icardyou.icu/sendpostcard/postcardDetail/1064690,https://icardyou.icu/userInfo/homePage?userId=35926
,CNHL1801,请回答1988,活动,icardyou,潘潘,China,黑龙江,5/9/2020 12:54,5/13/2020 20:14,韩剧,https://icardyou.icu/sendpostcard/postcardDetail/1064692,https://icardyou.icu/userInfo/homePage?userId=37981
,CNHN7202,双窟北洞力士像,活动,icardyou,judy66,China,湖南,5/12/2020 14:33,5/15/2020 21:19,景点 龙门石窟,https://icardyou.icu/sendpostcard/postcardDetail/1064750,https://icardyou.icu/userInfo/homePage?userId=36968
,CNCQ5707,重庆印象磁器口宝轮寺,活动,icardyou,Aquarius,China,重庆,6/26/2020 12:41,6/30/2020 19:03,重庆 景点 寺庙,https://icardyou.icu/sendpostcard/postcardDetail/1076769,https://icardyou.icu/userInfo/homePage?userId=37657
,CNSC2710,成都熊猫基地,活动,icardyou,Irene_Sol,China,四川,6/25/2020 19:25,7/3/2020 8:13,成都 熊猫 动物,https://icardyou.icu/sendpostcard/postcardDetail/1076771,https://icardyou.icu/userInfo/homePage?userId=38163
,CNHN7380,湖南长沙,活动,icardyou,90后的骏（收集关于马儿、火车的明信片）,China,湖南,6/25/2020 21:02,7/7/2020 20:26,长沙 邮资片,https://icardyou.icu/sendpostcard/postcardDetail/1076773,https://icardyou.icu/userInfo/homePage?userId=19829
,CNXJ0178,陆川龙珠湖景区,活动,icardyou,笨笨兔,China,新疆,7/4/2020 1:03,7/15/2020 20:12,景点 门票 广西,https://icardyou.icu/sendpostcard/postcardDetail/1076778,https://icardyou.icu/userInfo/homePage?userId=2847
,CNJS11572,福建南靖土楼 山西平遥古城,活动,icardyou,Nicole,China,江苏,6/26/2020 18:58,6/29/2020 19:33,南靖 平遥 土楼 景点,https://icardyou.icu/sendpostcard/postcardDetail/1076815,https://icardyou.icu/userInfo/homePage?userId=36659
,CNZJ16752,荆山第一漂——甘水漂流,活动,icardyou,Nord,China,浙江,7/1/2020 16:06,7/5/2020 15:33,景点 邮资片,https://icardyou.icu/sendpostcard/postcardDetail/1076820,https://icardyou.icu/userInfo/homePage?userId=31217
,CNSH16471,从外滩20号和平饭店主楼眺望浦东陆家嘴,活动,icardyou,Major K,China,上海,6/28/2020 18:53,6/30/2020 19:07,上海 景点,https://icardyou.icu/sendpostcard/postcardDetail/1077148,https://icardyou.icu/userInfo/homePage?userId=35926
,CNBJ25192,重庆大学,活动,icardyou,Latng,China,北京,7/14/2020 16:04,7/20/2020 11:58,学校 重庆大学,https://icardyou.icu/sendpostcard/postcardDetail/1077191,https://icardyou.icu/userInfo/homePage?userId=28601
,CNJL1208,《云南映像》舞台剧照,活动,icardyou,常明明,China,吉林,8/4/2020 20:10,8/9/2020 23:13,云南 邮资片,https://icardyou.icu/sendpostcard/postcardDetail/1077538,https://icardyou.icu/userInfo/homePage?userId=35779
,CNGD35154,中山大学海珠校区（南校区）惺亭,活动,icardyou,李青猿,China,广东,7/9/2020 1:22,7/17/2020 8:14,学校 中山大学,https://icardyou.icu/sendpostcard/postcardDetail/1077824,https://icardyou.icu/userInfo/homePage?userId=21115
,CNLN4299,马赛男人的舞蹈主要是双腿并拢尽量跳高,活动,icardyou,柠妮,China,辽宁,7/5/2020 10:09,7/15/2020 20:16,非洲,https://icardyou.icu/sendpostcard/postcardDetail/1077877,https://icardyou.icu/userInfo/homePage?userId=38155
,CNSH16618,吴语水乡苏州,活动,icardyou,请先看主页,China,上海,7/5/2020 21:22,7/7/2020 20:23,苏州 三生有信,https://icardyou.icu/sendpostcard/postcardDetail/1079369,https://icardyou.icu/userInfo/homePage?userId=37673
,CNTM32053,中国山西平遥古镇,活动,icardyou,陈淀,China,广东,7/7/2020 15:41,7/15/2020 7:13,景点 山西 平遥,https://icardyou.icu/sendpostcard/postcardDetail/1079730,https://icardyou.icu/userInfo/homePage?userId=23899
,CNGD35558,忆江南最忆是西塘,活动,icardyou,李小狸,China,广东,8/7/2020 12:00,8/26/2020 20:27,古镇 西塘 景点 猫的天空之城,https://icardyou.icu/sendpostcard/postcardDetail/1080480,https://icardyou.icu/userInfo/homePage?userId=37221
,CNZJ17075,奈良若草山,活动,icardyou,咩影追云,China,浙江,7/14/2020 8:56,7/17/2020 8:11,风景 奈良 日本,https://icardyou.icu/sendpostcard/postcardDetail/1080482,https://icardyou.icu/userInfo/homePage?userId=37425
,CNSH18548,上海交通大学徐汇校区人文地图,活动,icardyou,萧宇(只寄不收),China,上海,10/5/2020 10:57,10/8/2020 8:52,学校 上海交通大学 地图,https://icardyou.icu/sendpostcard/postcardDetail/1097251,https://icardyou.icu/userInfo/homePage?userId=38583
,CNSH18617,上海城隍庙九曲桥,赠送,icardyou,Major K,China,上海,10/6/2020 9:58,10/8/2020 8:50,上海 景点 邮资片,https://icardyou.icu/sendpostcard/postcardDetail/1097648,https://icardyou.icu/userInfo/homePage?userId=35926
,CNTM35591,乌镇,赠送,icardyou,a^o^b,China,上海,10/10/2020 16:24,10/13/2020 20:10,景点 古镇 乌镇,https://icardyou.icu/sendpostcard/postcardDetail/1097873,https://icardyou.icu/userInfo/homePage?userId=36648
,CNJS12770,无与伦比的美丽,活动,icardyou,朝雨,China,江苏,10/16/2020 17:39,10/22/2020 19:30,信的恋人 动物 蝴蝶,https://icardyou.icu/sendpostcard/postcardDetail/1098462,https://icardyou.icu/userInfo/homePage?userId=38180
,CNTM36019,环游旅记,活动,icardyou,flawless,China,山东,10/23/2020 20:09,10/29/2020 20:47,信的恋人,https://icardyou.icu/sendpostcard/postcardDetail/1099590,https://icardyou.icu/userInfo/homePage?userId=38173
,CNZJ18498,最美新疆,活动,icardyou,吴历,China,浙江,10/21/2020 20:47,10/25/2020 21:36,盒片 新疆,https://icardyou.icu/sendpostcard/postcardDetail/1099592,https://icardyou.icu/userInfo/homePage?userId=36948
,CNZJ18501,心中的彼得·潘,活动,icardyou,小颜今天开心吗？,China,浙江,10/16/2020 22:49,10/20/2020 20:56,拾光,https://icardyou.icu/sendpostcard/postcardDetail/1099611,https://icardyou.icu/userInfo/homePage?userId=38592
,CNSH18912,When I think of you the miles between us disappear.,活动,icardyou,请先看主页,China,上海,10/19/2020 9:34,10/20/2020 20:52,盒片,https://icardyou.icu/sendpostcard/postcardDetail/1099617,https://icardyou.icu/userInfo/homePage?userId=37673
,CNTM36022,袋鼠,活动,icardyou,Whale,China,北京,10/17/2020 11:40,10/20/2020 21:14,动物 袋鼠,https://icardyou.icu/sendpostcard/postcardDetail/1099619,https://icardyou.icu/userInfo/homePage?userId=38550
,CNTM36023,彤云密布,活动,icardyou,十里青风,China,福建,10/18/2020 23:25,11/2/2020 20:05,中国美色,https://icardyou.icu/sendpostcard/postcardDetail/1099621,https://icardyou.icu/userInfo/homePage?userId=38609
,CNTM36024,闲景余忆,赠送,icardyou,Whale,China,北京,10/17/2020 11:40,10/20/2020 20:50,信的恋人,https://icardyou.icu/sendpostcard/postcardDetail/1099622,https://icardyou.icu/userInfo/homePage?userId=38550
,CNTM36026,星星发亮是为了让每一个人有一天都能找到属于自己的星星,赠送,icardyou,flawless,China,山东,10/23/2020 20:09,10/29/2020 20:45,盒片,https://icardyou.icu/sendpostcard/postcardDetail/1099643,https://icardyou.icu/userInfo/homePage?userId=38173
,CNTJ7165,return to the ancients,活动,icardyou,A_TIAN,China,广东,10/21/2020 8:52,10/28/2020 9:10,纸先生,https://icardyou.icu/sendpostcard/postcardDetail/1099645,https://icardyou.icu/userInfo/homePage?userId=38126
,CNAH1718,忧愁鸭它围绕着我,活动,icardyou,小煤球,China,安徽,10/18/2020 17:47,10/22/2020 19:27,沐染 鸭子 动物,https://icardyou.icu/sendpostcard/postcardDetail/1099792,https://icardyou.icu/userInfo/homePage?userId=38546
,CNHL1898,winters never quit,活动,icardyou,大鱼鱼鱼鱼鱼,China,黑龙江,10/24/2020 18:40,11/2/2020 9:17,拾光,https://icardyou.icu/sendpostcard/postcardDetail/1099883,https://icardyou.icu/userInfo/homePage?userId=36312
,CNGD38297,向着阳光追求梦想,活动,icardyou,麒麟,China,广东,10/21/2020 22:41,10/30/2020 20:24,LAVERTON 向日葵,https://icardyou.icu/sendpostcard/postcardDetail/1099965,https://icardyou.icu/userInfo/homePage?userId=38200
,CNHN8006,Found of silence,活动,icardyou,木星α【蜗牛版】,China,广西,10/27/2020 14:54,11/2/2020 9:21,拾光,https://icardyou.icu/sendpostcard/postcardDetail/1100134,https://icardyou.icu/userInfo/homePage?userId=37891
,CNGZ2280,手工青柠百香果,活动,icardyou,无肉不欢,China,贵州,10/19/2020 18:10,11/2/2020 9:24,拾光 食物,https://icardyou.icu/sendpostcard/postcardDetail/1100176,https://icardyou.icu/userInfo/homePage?userId=38554
,CNTM36113,风中有诗句,活动,icardyou,a^o^b,China,上海,10/30/2020 22:19,11/2/2020 20:13,暖空,https://icardyou.icu/sendpostcard/postcardDetail/1100201,https://icardyou.icu/userInfo/homePage?userId=36648
,CNTJ7185,清真寺,赠送,icardyou,A_TIAN,China,广东,10/22/2020 8:59,10/28/2020 9:05,LAVERTON 清真寺 寺庙,https://icardyou.icu/sendpostcard/postcardDetail/1100477,https://icardyou.icu/userInfo/homePage?userId=38126
,CNBJ26810,好委屈鸭,活动,icardyou,苓宁,China,北京,10/28/2020 22:22,11/2/2020 20:21,信的恋人 鸭子 动物,https://icardyou.icu/sendpostcard/postcardDetail/1100589,https://icardyou.icu/userInfo/homePage?userId=37201
,CNHN8022,湖南长沙,活动,icardyou,90后的骏（收集关于马儿、火车的明信片）,China,湖南,10/21/2020 21:25,10/30/2020 20:27,长沙 邮资片,https://icardyou.icu/sendpostcard/postcardDetail/1100597,https://icardyou.icu/userInfo/homePage?userId=19829
,CNTM36186,立冬,活动,icardyou,西兰花,China,吉林,10/22/2020 19:23,11/2/2020 20:51,盒片 节气,https://icardyou.icu/sendpostcard/postcardDetail/1100648,https://icardyou.icu/userInfo/homePage?userId=38390
,CNJS12890,吃茶去,活动,icardyou,朝雨,China,江苏,10/27/2020 15:03,11/5/2020 20:20,暖空 食物,https://icardyou.icu/sendpostcard/postcardDetail/1100734,https://icardyou.icu/userInfo/homePage?userId=38180
,CNSH19064,美食记,活动,icardyou,子衿,China,上海,10/25/2020 19:22,10/26/2020 19:05,盒片 食物,https://icardyou.icu/sendpostcard/postcardDetail/1101052,https://icardyou.icu/userInfo/homePage?userId=31211
,CNZJ18649,all roads in Hangzhou,活动,icardyou,pillow,China,浙江,10/31/2020 23:34,11/5/2020 20:22,杭州 地图,https://icardyou.icu/sendpostcard/postcardDetail/1101320,https://icardyou.icu/userInfo/homePage?userId=29466
,CNSH19121,孤独巡游地图,活动,icardyou,小拾,China,上海,10/28/2020 20:49,11/2/2020 9:19,暖空 地图,https://icardyou.icu/sendpostcard/postcardDetail/1101374,https://icardyou.icu/userInfo/homePage?userId=35847
,CNSH19242,上海小吃,活动,icardyou,Major K,China,上海,10/31/2020 15:27,11/2/2020 20:17,三生有信 上海 食物,https://icardyou.icu/sendpostcard/postcardDetail/1102437,https://icardyou.icu/userInfo/homePage?userId=35926
,CNAH1807,自由女神像,活动,icardyou,秋屿,China,安徽,10/31/2020 22:29,12/1/2020 20:42,美国 景点 自由女神,https://icardyou.icu/sendpostcard/postcardDetail/1102493,https://icardyou.icu/userInfo/homePage?userId=38552
,CNHN8112,夜航西飞,活动,icardyou,柚子,China,江西,11/11/2020 23:32,11/23/2020 20:15,暖空,https://icardyou.icu/sendpostcard/postcardDetail/1102606,https://icardyou.icu/userInfo/homePage?userId=38569
,CNSH19290,水果·樱桃,赠送,icardyou,Major K,China,上海,11/2/2020 21:27,11/6/2020 17:31,食物 水果 樱桃,https://icardyou.icu/sendpostcard/postcardDetail/1102858,https://icardyou.icu/userInfo/homePage?userId=35926
,CNBJ26971,黄山行,MATCH,icardyou,薄荷糖,China,北京,11/9/2020 22:06,11/13/2020 8:32,三生有信 黄山 景点,https://icardyou.icu/sendpostcard/postcardDetail/1103342,https://icardyou.icu/userInfo/homePage?userId=38531
,CNZJ18860,婺源,MATCH,icardyou,yyan,China,浙江,11/9/2020,11/13/2020 8:34,婺源 景点,https://icardyou.icu/sendpostcard/postcardDetail/1103724,https://icardyou.icu/userInfo/homePage?userId=37297
,CNTM37770,宇宙星辰,活动,icardyou,小奶猫揪着大灰狼,China,浙江,12/2/2020 9:11,12/5/2020 19:35,暖空 动物 蝴蝶,https://icardyou.icu/sendpostcard/postcardDetail/1107649,https://icardyou.icu/userInfo/homePage?userId=38639
,CNTM37836,归来之诗,活动,icardyou,加糖,China,山东,12/7/2020 21:21,12/10/2020 22:47,暖空,https://icardyou.icu/sendpostcard/postcardDetail/1107852,https://icardyou.icu/userInfo/homePage?userId=30580
,CNHL1988-1,雪乡有故事的哈尔滨,活动,icardyou,Palin,China,黑龙江,12/4/2020 1:50,12/10/2020 16:57,哈尔滨 城市,https://icardyou.icu/sendpostcard/postcardDetail/1107920,https://icardyou.icu/userInfo/homePage?userId=29050
,CNHL1988-2,雪乡有故事的哈尔滨-太阳岛,活动,icardyou,Palin,China,黑龙江,12/4/2020 1:50,12/10/2020 16:57,哈尔滨 景点,https://icardyou.icu/sendpostcard/postcardDetail/1107920,https://icardyou.icu/userInfo/homePage?userId=29050
,CNHE3322,花笺-无尽夏,活动,icardyou,如果时光可以倒流,China,河北,12/3/2020 21:07,12/10/2020 17:35,南韵工作室 花朵,https://icardyou.icu/sendpostcard/postcardDetail/1107999,https://icardyou.icu/userInfo/homePage?userId=31742
,CNHK0102,孤独巡游地图,活动,icardyou,Young,China,香港,12/12/2020 12:28,1/6/2021 8:11,暖空 地图,https://icardyou.icu/sendpostcard/postcardDetail/1109799,https://icardyou.icu/userInfo/homePage?userId=38689
,CNSH20221,散步要在晚饭后,赠送,icardyou,萧宇(只寄不收),China,上海,12/21/2020 13:06,12/23/2020 15:05,贺年片 邮资片 动物 牛,https://icardyou.icu/sendpostcard/postcardDetail/1111087,https://icardyou.icu/userInfo/homePage?userId=38583
,CNHN8311,长沙八角亭,MATCH,icardyou,dengko,China,湖南,12/20/2020 10:00,12/28/2020 22:00,长沙 景点,https://icardyou.icu/sendpostcard/postcardDetail/1111440,https://icardyou.icu/userInfo/homePage?userId=24343
,CNHE3474,溪口文昌阁,赠送,icardyou,如果时光可以倒流,China,浙江,12/26/2020 21:40,1/6/2021 8:04,邮资片 溪口 景点,https://icardyou.icu/sendpostcard/postcardDetail/1112615,https://icardyou.icu/userInfo/homePage?userId=31742
,CNSH21086,上海交通大学闵行校区,赠送,icardyou,萧宇(只寄不收),China,上海,1/22/2021 15:39,1/23/2021 22:41,学校 上海交通大学,https://icardyou.icu/sendpostcard/postcardDetail/1118530,https://icardyou.icu/userInfo/homePage?userId=38583
,CNSH21640,上海坐标城市定向挑战：结棍,赠送,icardyou,Major K,China,上海,2/13/2021 21:02,2/17/2021 11:43,上海 猫的天空之城 邮资片,https://icardyou.icu/sendpostcard/postcardDetail/1123952,https://icardyou.icu/userInfo/homePage?userId=35926
,CNSD9827,中国内蒙古锡林郭勒草原,活动,icardyou,LYNN,China,辽宁,2/21/2021 14:05,2/24/2021 19:06,内蒙古 草原,https://icardyou.icu/sendpostcard/postcardDetail/1125078,https://icardyou.icu/userInfo/homePage?userId=38883
,CNHN8585,招财猫万福,活动,icardyou,huangg,China,湖南,2/22/2021 16:07,3/1/2021 15:08,盒片 猫 动物,https://icardyou.icu/sendpostcard/postcardDetail/1125641,https://icardyou.icu/userInfo/homePage?userId=38929
,CNZJ20181,上海长寿绿地,MATCH,icardyou,辰东,China,浙江,2/23/2021 10:26,3/2/2021 21:25,上海,https://icardyou.icu/sendpostcard/postcardDetail/1125797,https://icardyou.icu/userInfo/homePage?userId=28417
,CNSD9863,感受马尔代夫的美,活动,icardyou,归荑,China,山东,3/8/2021 19:47,3/12/2021 19:22,LAVERTON 马尔代夫 景点,https://icardyou.icu/sendpostcard/postcardDetail/1125962,https://icardyou.icu/userInfo/homePage?userId=38835
,CNSH21843,哭过，才知道心痛是什么感觉,活动,icardyou,百奇,China,上海,2/28/2021 13:30,3/2/2021 21:22,盒片,https://icardyou.icu/sendpostcard/postcardDetail/1125990,https://icardyou.icu/userInfo/homePage?userId=30343
,CNTM42287,猫的时间,活动,icardyou,蘑菇咕咕咕,China,黑龙江,3/7/2021 18:55,3/12/2021 20:57,暖空 动物 猫,https://icardyou.icu/sendpostcard/postcardDetail/1127131,https://icardyou.icu/userInfo/homePage?userId=37123
,CNTM42300,江与城·雾锁渝中,活动,icardyou,GIOXXX,China,重庆,3/4/2021 22:44,3/9/2021 21:10,重庆,https://icardyou.icu/sendpostcard/postcardDetail/1127240,https://icardyou.icu/userInfo/homePage?userId=38977
,CNSH22004,寻城记·武汉,赠送,icardyou,大脸喵喵喵,China,上海,3/1/2021 18:26,3/16/2021 21:02,猫的天空之城 武汉 城市,https://icardyou.icu/sendpostcard/postcardDetail/1127385,https://icardyou.icu/userInfo/homePage?userId=37826
,CNLN5539,隐者,活动,icardyou,东风,China,黑龙江,3/1/2021 20:07,3/7/2021 18:15,塔罗牌,https://icardyou.icu/sendpostcard/postcardDetail/1127403,https://icardyou.icu/userInfo/homePage?userId=38836
,CNZJ20359,复旦大学,活动,icardyou,timzhou91,China,浙江,3/2/2021 16:51,3/7/2021 18:10,学校 复旦大学,https://icardyou.icu/sendpostcard/postcardDetail/1127414,https://icardyou.icu/userInfo/homePage?userId=29818
,CNGD41795,一人食·叉烧,赠送,icardyou,安之~,China,广东,3/3/2021 22:36,3/10/2021 20:28,信的恋人 食物,https://icardyou.icu/sendpostcard/postcardDetail/1127775,https://icardyou.icu/userInfo/homePage?userId=29207
,CNBJ28142,汤姆和杰瑞,活动,icardyou,坦小坦,China,北京,3/8/2021 20:25,3/13/2021 15:19,陌墨 动画片 猫 老鼠 动物,https://icardyou.icu/sendpostcard/postcardDetail/1128515,https://icardyou.icu/userInfo/homePage?userId=27158
,CNGD41982,听海,活动,icardyou,纪云,China,广东,3/18/2021 16:01,3/29/2021 17:39,盒片,https://icardyou.icu/sendpostcard/postcardDetail/1129270,https://icardyou.icu/userInfo/homePage?userId=24415
,FNAS1232,鲸鱼岛,活动,icardyou,Dolphin,China,台湾,3/27/2021 5:05,6/26/2021 21:35,信的恋人 鲸鱼 动物,https://icardyou.icu/sendpostcard/postcardDetail/1130117,https://icardyou.icu/userInfo/homePage?userId=38829
,CNJS14486,泡泡,活动,icardyou,朝雨,China,江苏,3/19/2021 18:19,3/22/2021 21:50,,https://icardyou.icu/sendpostcard/postcardDetail/1130360,https://icardyou.icu/userInfo/homePage?userId=38180
,CNGD42127,小森林,活动,icardyou,Mio,China,广东,3/20/2021 10:51,3/26/2021 17:51,盒片,https://icardyou.icu/sendpostcard/postcardDetail/1130606,https://icardyou.icu/userInfo/homePage?userId=31276
,CNHE3979,节气春之春分,活动,icardyou,如果时光可以倒流,China,河北,3/22/2021 21:33,4/3/2021 7:40,节气,https://icardyou.icu/sendpostcard/postcardDetail/1130655,https://icardyou.icu/userInfo/homePage?userId=31742
,CNTM43229,诗三百·於我归期,活动,icardyou,静百x,China,上海,3/27/2021 12:49,4/17/2021 8:16,盒片,https://icardyou.icu/sendpostcard/postcardDetail/1130904,https://icardyou.icu/userInfo/homePage?userId=38772
,CNSD10033,You make my life colorful,活动,icardyou,金大嗓,China,山东,3/25/2021 13:16,4/1/2021 9:25,信的恋人,https://icardyou.icu/sendpostcard/postcardDetail/1130947,https://icardyou.icu/userInfo/homePage?userId=38852
,CNSD10055,来自美食国度的问候,活动,icardyou,金大嗓,China,山东,3/25/2021 13:17,4/1/2021 9:35,一幕制品,https://icardyou.icu/sendpostcard/postcardDetail/1131246,https://icardyou.icu/userInfo/homePage?userId=38852
,CNSD10056,故宫太和殿广场,活动,icardyou,LYNN,China,广东,3/20/2021 14:22,3/24/2021 20:59,北京 故宫 景点,https://icardyou.icu/sendpostcard/postcardDetail/1131248,https://icardyou.icu/userInfo/homePage?userId=38883
,CNTM43305,法国普罗旺斯,活动,icardyou,小颜今天开心吗？,China,浙江,3/28/2021 10:25,4/1/2021 9:41,法国,https://icardyou.icu/sendpostcard/postcardDetail/1131287,https://icardyou.icu/userInfo/homePage?userId=38592
,CNTM43313,厦门风光·鼓浪屿,活动,icardyou,yxy,China,贵州,3/27/2021 21:26,4/6/2021 20:12,厦门 鼓浪屿 景点,https://icardyou.icu/sendpostcard/postcardDetail/1131349,https://icardyou.icu/userInfo/homePage?userId=37529
,CNTM43324,美丽人生,活动,icardyou,阿鱼,China,北京,4/1/2021 22:07,4/10/2021 7:41,电影,https://icardyou.icu/sendpostcard/postcardDetail/1131386,https://icardyou.icu/userInfo/homePage?userId=36638
,CNTM44408,大足石刻·卧佛,活动,icardyou,A_TIAN,China,重庆,4/27/2021 10:44,5/2/2021 9:02,重庆 景点,https://icardyou.icu/sendpostcard/postcardDetail/1136819,https://icardyou.icu/userInfo/homePage?userId=38126
,CNZJ21182,总是期待你能偶尔回头，鼓舞我追逐后的汗水。,活动,icardyou,麦芒,China,广东,5/3/2021 17:08,5/6/2021 19:28,九把刀,https://icardyou.icu/sendpostcard/postcardDetail/1136822,https://icardyou.icu/userInfo/homePage?userId=27307
,CNBJ28720,爱丽丝梦游仙境,活动,icardyou,树树仔,China,北京,5/17/2021 17:30,5/23/2021 22:25,盒片,https://icardyou.icu/sendpostcard/postcardDetail/1139306,https://icardyou.icu/userInfo/homePage?userId=39129
,CNTM44907,大理凤羽镇三教宫,活动,icardyou,A_TIAN,China,天津,5/13/2021 17:04,5/20/2021 10:47,大理 寺庙,https://icardyou.icu/sendpostcard/postcardDetail/1139339,https://icardyou.icu/userInfo/homePage?userId=38126
,CNLN6119,沈阳市太原街盛京主题邮局,活动,icardyou,小乔朋友（摆烂版,China,辽宁,5/21/2021 23:44,6/7/2021 10:24,沈阳 邮局,https://icardyou.icu/sendpostcard/postcardDetail/1139369,https://icardyou.icu/userInfo/homePage?userId=38780
,CNJS14890,常熟沙家浜,活动,icardyou,Steve,China,江苏,5/14/2021 14:09,5/18/2021 9:02,常熟 邮资片 景点,https://icardyou.icu/sendpostcard/postcardDetail/1139391,https://icardyou.icu/userInfo/homePage?userId=1910
,CNJS14891,常熟亮山工程,活动,icardyou,Steve,China,江苏,5/14/2021 14:18,5/18/2021 9:01,常熟 公园,https://icardyou.icu/sendpostcard/postcardDetail/1139394,https://icardyou.icu/userInfo/homePage?userId=1910
,CNBJ28741,朱家角,活动,icardyou,懒加菲,China,北京,5/14/2021 17:45,5/19/2021 9:34,上海 朱家角 古镇 三生有信,https://icardyou.icu/sendpostcard/postcardDetail/1139460,https://icardyou.icu/userInfo/homePage?userId=38886
,CNSD10496,你好喵星人,活动,icardyou,金大嗓,China,山东,5/26/2021 12:44,6/6/2021 12:46,猫 猫的天空之城,https://icardyou.icu/sendpostcard/postcardDetail/1139590,https://icardyou.icu/userInfo/homePage?userId=38852
,CNNX0071,柔软·丽江,活动,icardyou,瑞鹤,China,宁夏,5/23/2021 16:05,5/31/2021 10:31,云南 丽江 景点,https://icardyou.icu/sendpostcard/postcardDetail/1139612,https://icardyou.icu/userInfo/homePage?userId=39113
,CNHA3260,物是人非的景色里最喜欢你,赠送,icardyou,fanafan,China,河南,5/20/2021 10:59,5/31/2021 13:22,信的恋人,https://icardyou.icu/sendpostcard/postcardDetail/1139614,https://icardyou.icu/userInfo/homePage?userId=39180
,CNHA3261,物是人非的景色里最喜欢你,活动,icardyou,fanafan,China,河南,5/20/2021 10:57,5/31/2021 13:20,信的恋人,https://icardyou.icu/sendpostcard/postcardDetail/1139618,https://icardyou.icu/userInfo/homePage?userId=39180
,CNHE4273,熊猫魅力剧场,活动,icardyou,如果时光可以倒流,China,河北,5/21/2021 22:57,5/26/2021 22:47,熊猫 动物 插画,https://icardyou.icu/sendpostcard/postcardDetail/1140162,https://icardyou.icu/userInfo/homePage?userId=31742
,CNSH23417-1,北京景山公园的猫脸,活动,icardyou,昨天吃了三碗饭,China,上海,9/27/2021 23:25,10/19/2021 14:02,动物 猫 摄影,https://icardyou.icu/sendpostcard/postcardDetail/1140681,https://icardyou.icu/userInfo/homePage?userId=36487
,CNSH23417-2,北京景山公园的猫屁股,活动,icardyou,昨天吃了三碗饭,China,上海,9/27/2021 23:25,10/19/2021 14:02,动物 猫 摄影,https://icardyou.icu/sendpostcard/postcardDetail/1140681,https://icardyou.icu/userInfo/homePage?userId=36487
,CNZJ21496,杭州乡下风景,活动,icardyou,Money,China,浙江,5/25/2021 11:46,5/28/2021 13:32,杭州 摄影,https://icardyou.icu/sendpostcard/postcardDetail/1140750,https://icardyou.icu/userInfo/homePage?userId=38941
,CNTM45224,大美·明湖,活动,icardyou,a^o^b,China,上海,5/24/2021 22:49,5/31/2021 13:13,济南 大明湖 景点,https://icardyou.icu/sendpostcard/postcardDetail/1140817,https://icardyou.icu/userInfo/homePage?userId=36648
,CNJS14985,世上湖山，天下常熟,赠送,icardyou,Steve,China,江苏,6/8/2021 15:57,6/14/2021 10:11,常熟,https://icardyou.icu/sendpostcard/postcardDetail/1142539,https://icardyou.icu/userInfo/homePage?userId=1910
,CNJS15048,东京塔,活动,icardyou,Steve,China,江苏,6/18/2021 15:14,6/22/2021 10:00,日本 东京塔 插画 景点,https://icardyou.icu/sendpostcard/postcardDetail/1143855,https://icardyou.icu/userInfo/homePage?userId=1910
,CNBJ29160,当代国画大师汤文选作品·荷花游鱼,活动,icardyou,--苹果核儿,China,北京,6/20/2021 11:39,6/24/2021 20:13,国画 动物 鱼,https://icardyou.icu/sendpostcard/postcardDetail/1143860,https://icardyou.icu/userInfo/homePage?userId=38858
,CNHN9166,湖南常德桃花源,活动,icardyou,筑墓,China,湖南,7/3/2021 12:18,7/20/2021 14:08,湖南 景点 常德,https://icardyou.icu/sendpostcard/postcardDetail/1143863,https://icardyou.icu/userInfo/homePage?userId=39219
,CNLN6333,戏精的诞生,活动,icardyou,桥和,China,辽宁,8/9/2021 20:47,8/18/2021 7:22,沐染,https://icardyou.icu/sendpostcard/postcardDetail/1143875,https://icardyou.icu/userInfo/homePage?userId=39140
,CNGD43797,辉夜大小姐,活动,icardyou,PL,China,广东,6/25/2021 6:06,7/3/2021 19:41,动漫 番剧 四宫辉夜,https://icardyou.icu/sendpostcard/postcardDetail/1143910,https://icardyou.icu/userInfo/homePage?userId=38619
,CNLN6337,Vintage letten,活动,icardyou,威士忌旅馆,China,辽宁,6/26/2021,6/30/2021 17:51,拾光,https://icardyou.icu/sendpostcard/postcardDetail/1143934,https://icardyou.icu/userInfo/homePage?userId=36748
,CNGD43813,准备好的人会得到一颗糖,活动,icardyou,Jack,China,广东,7/9/2021 21:40,7/20/2021 14:11,文字片 盒片,https://icardyou.icu/sendpostcard/postcardDetail/1144031,https://icardyou.icu/userInfo/homePage?userId=37901
,CNZJ21794,我们的小食兴,活动,icardyou,笋笋,China,浙江,6/30/2021 8:39,7/3/2021 19:40,暖空 食物,https://icardyou.icu/sendpostcard/postcardDetail/1144371,https://icardyou.icu/userInfo/homePage?userId=39106
,CNGD44557,深圳鹏城美食闲逛日记,赠送,icardyou,Johnson,China,广东,7/30/2021 21:55,8/5/2021 10:28,猫的天空之城 深圳 城市 食物,https://icardyou.icu/sendpostcard/postcardDetail/1149091,https://icardyou.icu/userInfo/homePage?userId=32364
,CNZJ22206,阿姆斯特丹的猫,活动,icardyou,奇犽,China,浙江,8/13/2021 21:03,8/19/2021 7:35,猫 动物 摄影,https://icardyou.icu/sendpostcard/postcardDetail/1151005,https://icardyou.icu/userInfo/homePage?userId=25888
,CNSN1828,内蒙古大学牧羊老人,活动,icardyou,朵朵,China,陕西,8/21/2021 8:07,8/27/2021 21:54,学校 内蒙古大学 雕塑,https://icardyou.icu/sendpostcard/postcardDetail/1151885,https://icardyou.icu/userInfo/homePage?userId=39429
,CNJS15342,里斯本贝伦塔,活动,icardyou,麦麦,China,江苏,8/23/2021 21:21,8/27/2021 22:05,葡萄牙 里斯本 贝伦塔 景点,https://icardyou.icu/sendpostcard/postcardDetail/1151901,https://icardyou.icu/userInfo/homePage?userId=13995
,CNJS15343,The most beautiful quotes,活动,icardyou,Steve,China,江苏,8/23/2021 9:34,8/27/2021 21:58,盒片,https://icardyou.icu/sendpostcard/postcardDetail/1151903,https://icardyou.icu/userInfo/homePage?userId=1910
,CNGZ2520,为弄臣加冕,活动,icardyou,大大曾,China,贵州,9/3/2021 10:24,9/6/2021 11:36,乌合麒麟 插画 疫情,https://icardyou.icu/sendpostcard/postcardDetail/1151911,https://icardyou.icu/userInfo/homePage?userId=36964
,CNHN9453,南昌滕王阁,活动,icardyou,Tiann,China,湖南,8/22/2021 15:53,9/10/2021 15:03,景点 南昌 江西 滕王阁,https://icardyou.icu/sendpostcard/postcardDetail/1152186,https://icardyou.icu/userInfo/homePage?userId=30740
,GDTM0022,猫咪云抖,活动,icardyou,A_TIAN,China,广东,8/29/2021 21:53,9/6/2021 11:33,动物 猫 摄影,https://icardyou.icu/sendpostcard/postcardDetail/1152792,https://icardyou.icu/userInfo/homePage?userId=38126
,CNBJ29968,Amy Su 插画,活动,icardyou,咸休,China,北京,8/27/2021 17:28,8/31/2021 12:00,动物 猫 插画,https://icardyou.icu/sendpostcard/postcardDetail/1152815,https://icardyou.icu/userInfo/homePage?userId=39188
,CNGD45126,埃菲尔铁塔,活动,icardyou,小王子,China,广东,9/1/2021 23:17,9/10/2021 15:10,法国 巴黎 埃菲尔铁塔,https://icardyou.icu/sendpostcard/postcardDetail/1152883,https://icardyou.icu/userInfo/homePage?userId=38786
,CNGD45134,Jack Sparrow,赠送,icardyou,小王子,China,广东,9/1/2021 23:30,9/10/2021 15:07,电影 加勒比海盗,https://icardyou.icu/sendpostcard/postcardDetail/1152920,https://icardyou.icu/userInfo/homePage?userId=38786
,FNNA0540,深圳生活,活动,icardyou,Johnson,U.S.A.,,9/6/2021 12:43,10/4/2021 20:37,城市 深圳 猫的天空之城,https://icardyou.icu/sendpostcard/postcardDetail/1153779,https://icardyou.icu/userInfo/homePage?userId=32364
,CNTW2736,破损的花园,活动,icardyou,渊流,China,台湾,9/6/2021 15:32,10/7/2021 16:05,花朵,https://icardyou.icu/sendpostcard/postcardDetail/1153838,https://icardyou.icu/userInfo/homePage?userId=36897
,CNGD45358-1,儿童画打电话,活动,icardyou,小王子,China,广东,9/6/2021 22:37,9/20/2021 9:39,儿童画,https://icardyou.icu/sendpostcard/postcardDetail/1153915,https://icardyou.icu/userInfo/homePage?userId=38786
,CNGD45358-2,儿童画翻更头,活动,icardyou,小王子,China,广东,9/6/2021 22:37,9/20/2021 9:39,儿童画,https://icardyou.icu/sendpostcard/postcardDetail/1153915,https://icardyou.icu/userInfo/homePage?userId=38786
,CNSH26426,第13届上海双年展《水晶球》影像静帧,赠送,icardyou,萧宇(只寄不收),China,上海,1/1/2022 20:49,1/5/2022 13:01,展览 艺术,https://icardyou.icu/sendpostcard/postcardDetail/1169534,https://icardyou.icu/userInfo/homePage?userId=38583
,CNGD66669,,活动,icardyou,-爬爬,China,广东,2025-03-07 22:00,2025-03-17 20:18,,https://icardyou.icu/sendpostcard/postcardDetail/1302619,https://icardyou.icu/userInfo/homePage?userId=41690
,CNLN10067,,活动,icardyou,王一,China,辽宁,2025-03-09 16:35,2025-03-13 19:35,,https://icardyou.icu/sendpostcard/postcardDetail/1302621,https://icardyou.icu/userInfo/homePage?userId=42079
,CNAH4794,,活动,icardyou,斯内克--sssvip,China,安徽,2025-03-19 22:12,2025-03-23 16:13,,https://icardyou.icu/sendpostcard/postcardDetail/1302623,https://icardyou.icu/userInfo/homePage?userId=40003
,CNHN14342,,活动,icardyou,木新同学,China,湖南,2025-03-08 16:24,2025-03-14 21:24,,https://icardyou.icu/sendpostcard/postcardDetail/1302632,https://icardyou.icu/userInfo/homePage?userId=42103
,CNTJ14126,,活动,icardyou,天天,China,天津,2025-03-08 12:28,2025-03-11 20:12,,https://icardyou.icu/sendpostcard/postcardDetail/1302637,https://icardyou.icu/userInfo/homePage?userId=41390
,CNHL4527,,活动,icardyou,槛外人,China,黑龙江,2025-03-11 19:27,2025-04-02 20:47,,https://icardyou.icu/sendpostcard/postcardDetail/1302643,https://icardyou.icu/userInfo/homePage?userId=41658
,CNBJ42470-1,,活动,icardyou,慧珈【求电影片】,China,北京,2025-03-08 22:06,2025-03-14 21:34,,https://icardyou.icu/sendpostcard/postcardDetail/1302658,https://icardyou.icu/userInfo/homePage?userId=23401
,CNBJ42470-2,,活动,icardyou,慧珈【求电影片】,China,北京,2025-03-08 22:06,2025-03-14 21:34,,https://icardyou.icu/sendpostcard/postcardDetail/1302658,https://icardyou.icu/userInfo/homePage?userId=23401
,CNBJ42470-3,,活动,icardyou,慧珈【求电影片】,China,北京,2025-03-08 22:06,2025-03-14 21:34,,https://icardyou.icu/sendpostcard/postcardDetail/1302658,https://icardyou.icu/userInfo/homePage?userId=23401
,CNTW4020,,活动,icardyou,百奇,China,台湾,2025-03-09 23:52,2025-03-25 19:07,,https://icardyou.icu/sendpostcard/postcardDetail/1302727,https://icardyou.icu/userInfo/homePage?userId=30343
,CNTJ14131,,活动,icardyou,俄旺扎卡,China,天津,2025-03-09 17:11,2025-03-12 19:36,,https://icardyou.icu/sendpostcard/postcardDetail/1302731,https://icardyou.icu/userInfo/homePage?userId=42013
,CNGX10147,,活动,icardyou,東你,China,广西,2025-03-23 01:28,2025-03-31 19:59,,https://icardyou.icu/sendpostcard/postcardDetail/1302742,https://icardyou.icu/userInfo/homePage?userId=41604
,CNLN10072,,MATCH,icardyou,太好听了8,China,辽宁,2025-03-12 08:45,2025-03-14 21:16,,https://icardyou.icu/sendpostcard/postcardDetail/1302775,https://icardyou.icu/userInfo/homePage?userId=42048
,CNSH39857,,活动,icardyou,ROMEY.,China,上海,2025-03-09 12:13,2025-03-11 20:16,,https://icardyou.icu/sendpostcard/postcardDetail/1302781,https://icardyou.icu/userInfo/homePage?userId=40008
,CNGD66687,,活动,icardyou,Ria,China,广东,2025-03-11 08:41,2025-03-18 19:04,,https://icardyou.icu/sendpostcard/postcardDetail/1302783,https://icardyou.icu/userInfo/homePage?userId=25180
,CNGD66695-1,,活动,icardyou,纪云,China,广东,2025-03-16 11:14,2025-03-26 19:20,,https://icardyou.icu/sendpostcard/postcardDetail/1302813,https://icardyou.icu/userInfo/homePage?userId=24415
,CNGD66695-2,,活动,icardyou,纪云,China,广东,2025-03-16 11:14,2025-03-26 19:20,,https://icardyou.icu/sendpostcard/postcardDetail/1302813,https://icardyou.icu/userInfo/homePage?userId=24415
,CNHE8898,,活动,icardyou,爱吃青皮桔,China,河北,2025-03-14 11:42,2025-03-18 19:01,,https://icardyou.icu/sendpostcard/postcardDetail/1302893,https://icardyou.icu/userInfo/homePage?userId=41885
,CNSD15539,,活动,icardyou,木木,China,山东,2025-03-23 07:07,2025-04-10 20:24,,https://icardyou.icu/sendpostcard/postcardDetail/1303645,https://icardyou.icu/userInfo/homePage?userId=42101
,CNSD15544,,活动,icardyou,bluebair,China,山东,2025-03-17 17:42,2025-03-25 19:34,,https://icardyou.icu/sendpostcard/postcardDetail/1303782,https://icardyou.icu/userInfo/homePage?userId=42031
,CNSH40040,,MATCH,icardyou,Major K,China,上海,2025-03-17 11:35,2025-03-21 20:42,,https://icardyou.icu/sendpostcard/postcardDetail/1303952,https://icardyou.icu/userInfo/homePage?userId=35926
,CNHK0762,,活动,icardyou,布吉人,China,香港,2025-03-18 22:21,2025-04-09 20:17,,https://icardyou.icu/sendpostcard/postcardDetail/1303986,https://icardyou.icu/userInfo/homePage?userId=42170
,CNBJ42603,,活动,icardyou,慧珈【求电影片】,China,北京,2025-03-22 17:02,2025-03-28 19:53,,https://icardyou.icu/sendpostcard/postcardDetail/1304588,https://icardyou.icu/userInfo/homePage?userId=23401
,CNNM1607,,活动,icardyou,香蕉树,China,内蒙古,2025-03-29 17:34,2025-04-01 21:34,,https://icardyou.icu/sendpostcard/postcardDetail/1304593,https://icardyou.icu/userInfo/homePage?userId=39117
,CNZJ28945,,活动,icardyou,东杳,China,浙江,2025-03-23 18:06,2025-03-25 19:00,,https://icardyou.icu/sendpostcard/postcardDetail/1304595,https://icardyou.icu/userInfo/homePage?userId=42126
,CNSH40130,,活动,icardyou,ROMEY.,China,上海,2025-03-22 15:56,2025-03-24 19:20,,https://icardyou.icu/sendpostcard/postcardDetail/1304599,https://icardyou.icu/userInfo/homePage?userId=40008
,CNLN10185,,活动,icardyou,王一,China,辽宁,2025-03-24 21:15,2025-03-28 19:56,,https://icardyou.icu/sendpostcard/postcardDetail/1304601,https://icardyou.icu/userInfo/homePage?userId=42079
,CNTJ14269,,活动,icardyou,俄旺扎卡,China,天津,2025-03-24 18:35,2025-03-28 19:49,,https://icardyou.icu/sendpostcard/postcardDetail/1304624,https://icardyou.icu/userInfo/homePage?userId=42013
,CNHA5442,,活动,icardyou,Dolittle,China,河南,2025-04-02 20:36,2025-04-11 20:27,,https://icardyou.icu/sendpostcard/postcardDetail/1304684,https://icardyou.icu/userInfo/homePage?userId=41535
,CNCQ10633,,活动,icardyou,yan,China,重庆,2025-04-07 21:35,2025-04-11 20:30,,https://icardyou.icu/sendpostcard/postcardDetail/1304710,https://icardyou.icu/userInfo/homePage?userId=40115
,CNGD66904,,活动,icardyou,Ria,China,广东,2025-04-03 08:12,2025-04-09 20:14,,https://icardyou.icu/sendpostcard/postcardDetail/1304787,https://icardyou.icu/userInfo/homePage?userId=25180
,CNTJ14292,,活动,icardyou,思千里,China,天津,2025-03-27 08:30,2025-03-30 16:16,,https://icardyou.icu/sendpostcard/postcardDetail/1304877,https://icardyou.icu/userInfo/homePage?userId=42179
,CNSH40243,,活动,icardyou,Major K,China,上海,2025-03-29 11:20,2025-03-31 19:52,,https://icardyou.icu/sendpostcard/postcardDetail/1305397,https://icardyou.icu/userInfo/homePage?userId=35926
,CNZJ28993,,活动,icardyou,伊莱恩elaine,China,浙江,2025-03-29 11:41,2025-04-02 20:55,,https://icardyou.icu/sendpostcard/postcardDetail/1305414,https://icardyou.icu/userInfo/homePage?userId=8070
,CNGD66984,,活动,icardyou,min,China,广东,2025-03-29 20:14,2025-04-04 18:34,,https://icardyou.icu/sendpostcard/postcardDetail/1305514,https://icardyou.icu/userInfo/homePage?userId=42218
,CNJL2362,,MATCH,icardyou,马到成功,China,吉林,2025-03-29 11:39,2025-03-31 19:55,,https://icardyou.icu/sendpostcard/postcardDetail/1305545,https://icardyou.icu/userInfo/homePage?userId=42147
,CNHE8958,,活动,icardyou,爱吃青皮桔,China,河北,2025-04-03 11:05,2025-04-08 08:41,,https://icardyou.icu/sendpostcard/postcardDetail/1305616,https://icardyou.icu/userInfo/homePage?userId=41885
,CNTM69720,,活动,icardyou,Sweetlun,China,,2025-03-31 12:09,2025-04-04 18:48,,https://icardyou.icu/sendpostcard/postcardDetail/1305713,https://icardyou.icu/userInfo/homePage?userId=41607
,CNSN4943,,活动,icardyou,维莉塔,China,陕西,,2025-04-21 19:45,,https://icardyou.icu/sendpostcard/postcardDetail/1305807,https://icardyou.icu/userInfo/homePage?userId=36664
,CNGD67008,,活动,icardyou,野风,China,广东,2025-04-03 21:05,2025-04-08 08:57,,https://icardyou.icu/sendpostcard/postcardDetail/1305872,https://icardyou.icu/userInfo/homePage?userId=41857
,CNGX10175,,MATCH,icardyou,柒沫,China,广西,2025-04-03 22:33,2025-04-09 20:21,,https://icardyou.icu/sendpostcard/postcardDetail/1305922,https://icardyou.icu/userInfo/homePage?userId=42227
,CNGD67023,,活动,icardyou,心海,China,广东,2025-04-03 16:55,2025-04-05 21:32,,https://icardyou.icu/sendpostcard/postcardDetail/1306067,https://icardyou.icu/userInfo/homePage?userId=42213
,CNTJ14399,,赠送,icardyou,yyp--,China,天津,2025-04-02 23:06,2025-04-04 18:42,,https://icardyou.icu/sendpostcard/postcardDetail/1306121,https://icardyou.icu/userInfo/homePage?userId=42014
,CNCQ10676,,活动,icardyou,王水水,China,重庆,2025-04-03 16:37,2025-04-08 20:27,,https://icardyou.icu/sendpostcard/postcardDetail/1306151,https://icardyou.icu/userInfo/homePage?userId=38511
,CNTM69880,,MATCH,icardyou,蘑菇,China,,2025-04-08 13:03,2025-04-10 20:20,,https://icardyou.icu/sendpostcard/postcardDetail/1306823,https://icardyou.icu/userInfo/homePage?userId=9146
,CNLN10290,,赠送,icardyou,王一,China,辽宁,2025-04-10 21:51,2025-04-15 22:13,,https://icardyou.icu/sendpostcard/postcardDetail/1307341,https://icardyou.icu/userInfo/homePage?userId=42079
,CNHN14540,,赠送,icardyou,shuiyun,China,湖南,2025-04-11 08:29,2025-04-16 20:22,,https://icardyou.icu/sendpostcard/postcardDetail/1307363,https://icardyou.icu/userInfo/homePage?userId=24599
,CNHB6101,,MATCH,icardyou,Silence,China,湖北,2025-04-12 19:53,2025-04-14 20:20,,https://icardyou.icu/sendpostcard/postcardDetail/1307481,https://icardyou.icu/userInfo/homePage?userId=42189
,CNTM69975,,活动,icardyou,舟音,China,,2025-04-16 17:16,2025-04-21 21:19,,https://icardyou.icu/sendpostcard/postcardDetail/1307754,https://icardyou.icu/userInfo/homePage?userId=42203
,CNBJ42867,,活动,icardyou,慧珈【求电影片】,China,北京,2025-04-13 22:23,2025-04-16 20:15,,https://icardyou.icu/sendpostcard/postcardDetail/1307790,https://icardyou.icu/userInfo/homePage?userId=23401
,CNTM70000,,活动,icardyou,赤蘚糖醇,China,,2025-04-14 08:45,2025-04-23 19:32,,https://icardyou.icu/sendpostcard/postcardDetail/1307852,https://icardyou.icu/userInfo/homePage?userId=41624
,CNSH40631,,活动,icardyou,墙灰,China,上海,2025-04-18 08:32,2025-04-21 20:09,,https://icardyou.icu/sendpostcard/postcardDetail/1307854,https://icardyou.icu/userInfo/homePage?userId=41307
,CNTM70051,,活动,icardyou,何苦来哉,China,,2025-04-23 16:54,2025-04-24 20:16,,https://icardyou.icu/sendpostcard/postcardDetail/1308157,https://icardyou.icu/userInfo/homePage?userId=37943
,CNZJ29112,,活动,icardyou,伊莱恩elaine,China,浙江,2025-04-18 18:03,2025-04-21 19:34,,https://icardyou.icu/sendpostcard/postcardDetail/1308164,https://icardyou.icu/userInfo/homePage?userId=8070
,CNHE8978,,活动,icardyou,鸠烛,China,河北,2025-04-19 01:42,2025-04-21 19:42,,https://icardyou.icu/sendpostcard/postcardDetail/1308177,https://icardyou.icu/userInfo/homePage?userId=39681
,CNZJ29115,,活动,icardyou,伊莱恩elaine,China,浙江,2025-04-18 18:01,2025-04-21 19:37,,https://icardyou.icu/sendpostcard/postcardDetail/1308226,https://icardyou.icu/userInfo/homePage?userId=8070
,CNHK0892,,活动,icardyou,布吉人,China,香港,2025-04-18 15:06,2025-04-21 19:48,,https://icardyou.icu/sendpostcard/postcardDetail/1308389,https://icardyou.icu/userInfo/homePage?userId=42170
,CNGD67242,,活动,icardyou,gutout,China,广东,2025-04-21 22:28,2025-04-23 19:40,,https://icardyou.icu/sendpostcard/postcardDetail/1308704,https://icardyou.icu/userInfo/homePage?userId=42086
,CNBJ42987,,活动,icardyou,Melanie,China,北京,2025-04-22 09:32,2025-04-24 20:11,,https://icardyou.icu/sendpostcard/postcardDetail/1308825,https://icardyou.icu/userInfo/homePage?userId=41602
,CNZJ29227,一人食·煲仔饭,活动,icardyou,情绪让我发了火|Sky,China,浙江,2025-04-28 14:32,2025-05-06 20:56,信的恋人 食物 食谱,https://icardyou.icu/sendpostcard/postcardDetail/1309462,https://icardyou.icu/userInfo/homePage?userId=17517
,CNHK0876,香港城市地标,活动,icardyou,布吉人,China,香港,2025-04-15 00:04,2025-05-08 20:33,栗子语 香港 城市,https://icardyou.icu/sendpostcard/postcardDetail/1307753,https://icardyou.icu/userInfo/homePage?userId=42170
,CNHK0787,黑猫礼物盒,活动,icardyou,布吉人,China,香港,2025-03-24 23:24,2025-05-08 20:36,陌墨 插画 动物 猫,https://icardyou.icu/sendpostcard/postcardDetail/1304645,https://icardyou.icu/userInfo/homePage?userId=42170
,PHCNFJ-0101,漳州百城千县,MATCH,Post-Hi,羽蒙,China,福建,2025-05-02 16:58:50,2025-05-06 21:01:02,百城千县 漳州 福建 城市,https://www.post-hi.com/card/PHCNFJ-0101,https://www.post-hi.com/user/01JG1KQ95XNB1NA0CFVTF23AJ9
,PHCNHN-0229,长沙天心阁公园,MATCH,Post-Hi,90后的骏,China,湖南,2025-04-29 09:47:22,2025-05-02 12:00:48,邮资片长沙 景点 城市 湖南,https://www.post-hi.com/card/PHCNHN-0229,https://www.post-hi.com/user/01JKASS0T1TJ3ZQ20YS9NS070D
,PHCNCQ-0155,星雾弥漫,MATCH,Post-Hi,郭明阳,China,重庆,2025-04-27 22:30:02,2025-05-02 12:06:15,早沫,https://www.post-hi.com/card/PHCNCQ-0155,https://www.post-hi.com/user/01JK8KD6YJBCFCXQFSS4CKN3SB
,PHCNHB-0360,那不只是童话,MATCH,Post-Hi,yinfeng,China,湖北,2025-05-07 20:58:19,2025-05-10 14:52:08,信的恋人 文字片,https://www.post-hi.com/card/PHCNHB-0360,https://www.post-hi.com/user/01JPK6NJE4TGWH611YPBPWANGP
,PHCNJS-0596,,MATCH,Post-Hi,Jerry Zhang,中国,江苏,2025-05-07 22:25:31,2025-05-11 13:13:10,,https://www.post-hi.com/card/PHCNJS-0596,https://www.post-hi.com/user/01JS92TFA5SX7SCDN9RYQV1246
,PHCNGD-0470,,MATCH,Post-Hi,猫猫Hi,中国,广东,2025-05-09 15:27:35,2025-05-11 13:17:58,,https://www.post-hi.com/card/PHCNGD-0470,https://www.post-hi.com/user/01JSG2MZ8FWSPBAZ9JXBMR2DT4
